id;title;content;author;date_written;published_date;is_featured
1;Account;Stand-alone JSON;bus Ergonomic;2023-10-15T09:20:24;2023-10-15T16:23:49;true
2;Switzerland;Plastic web-enabled Home;Buckinghamshire Integration;2023-10-15T17:07:26;2023-10-15T17:32:56;true
3;Fantastic SMS;Track Georgia Gorgeous;Tuna AGP;2023-10-15T07:43:50;2023-10-15T18:13:16;true
4;Future Soap;generation;bandwidth Island input;2023-10-15T06:30:37;2023-10-15T15:26:46;false
5;payment connect pricing;open-source card;Director payment;2023-10-15T15:59:04;2023-10-15T09:36:48;true
6;Internal Direct;Investment;Steel;2023-10-16T00:43:27;2023-10-15T10:31:30;false
7;Future next-generation Bacon;Forward GB;Guinea-Bissau bypassing Plastic;2023-10-15T15:42:47;2023-10-15T22:17:19;true
8;Buckinghamshire Kenyan;compelling;copying;2023-10-15T11:44:22;2023-10-15T04:24:42;true
9;Small Wooden Israel;payment Danish;Soft;2023-10-15T10:00:26;2023-10-15T15:13:10;false
10;Research Internal orange;Shoes synthesize;Franc;2023-10-16T00:11:57;2023-10-16T00:14:18;true
