id;method;status;amount;note
1;Meadows Helena;zero multimedia program;73588;up Optimization
2;Buckinghamshire;GB bandwidth solid;68450;Somalia
3;Fresh;Avon Orchestrator Plastic;79164;Principal info-mediaries
4;Buckinghamshire Integration;Ramp unleash;86087;Buckinghamshire definition
5;Principal deliverables Shirt;Ariary;2674;distributed
6;Optimization back;Producer;79302;gold
7;Switchable;Home generating;64679;Mouse Health generating
8;Division;Platinum Macao;42979;Nebraska convergence
9;virtual;District pixel feed;22024;blue
10;Granite;Trace Plastic Assistant;35059;deposit Metal incubate
