id;name;gender;dob;status
1;Officer Route;integrated Automotive black;2023-10-16T01:55:47;generate collaborative
2;Jersey generate Grass-roots;Infrastructure Connecticut;2023-10-15T14:49:04;compress SMTP
3;efficient Unbranded;Intelligent;2023-10-15T23:11:41;Gorgeous
4;Franc FTP Buckinghamshire;models models;2023-10-15T06:21:06;architect
5;Loan Berkshire;green drive;2023-10-15T12:18:33;deposit impactful
6;Pitcairn;envisioneer Bike Administrator;2023-10-15T09:58:33;Manager communities
7;navigating;Automated collaboration monitor;2023-10-15T09:39:49;Avon Euro
8;User-friendly Colon SAS;fuchsia Locks;2023-10-15T04:14:51;South Ranch Communications
9;parsing;Avon Gorgeous incubate;2023-10-15T21:24:40;Frozen
10;Metal Universal;Bedfordshire Associate client-driven;2023-10-15T10:45:44;Plastic Handcrafted neural
